[
    {
      "function": "minecraft:set_nbt",
      "tag": "{display:{Name:'{\"text\":\"Flux\",\"color\":\"dark_purple\",\"italic\":false}',Lore:['{\"text\":\"Normal Attack Speed\",\"color\":\"gray\",\"italic\":false}','{\"text\":\" \"}','{\"text\":\"✣ Main Neutral Damage: 420-530\",\"color\":\"gold\",\"italic\":false}','{\"text\":\" \"}','[{\"text\":\"✔ \",\"color\":\"green\",\"italic\":false},{\"text\":\"Combat Lv. Min: 98\",\"color\":\"gray\"}]','{\"text\":\" \"}','[{\"text\":\"+18% \",\"color\":\"green\",\"italic\":false},{\"text\":\"Main Attack Damage\",\"color\":\"gray\",\"italic\":false}]','[{\"text\":\"+35% \",\"color\":\"green\",\"italic\":false},{\"text\":\"Spell Damage\",\"color\":\"gray\",\"italic\":false}]','{\"text\":\" \"}','[{\"text\":\"+Fluidity: \",\"color\":\"aqua\",\"italic\":false},{\"text\":\"Sneak to switch between three\",\"color\":\"dark_aqua\",\"italic\":false}]','{\"text\":\"different spells from different classes\",\"color\":\"dark_aqua\",\"italic\":false}','{\"text\":\" \"}','{\"text\":\"Current Spell: Heal\",\"color\":\"aqua\",\"italic\":false}','{\"text\":\" \"}','{\"text\":\"Mythic Item\",\"color\":\"dark_purple\",\"italic\":false}']},HideFlags:6,Unbreakable:1b,CustomModelData:123,m_dun_spell_setting:2b,AttributeModifiers:[{AttributeName:\"generic.attack_damage\",Name:\"generic.attack_damage\",Amount:5,Operation:0,UUID:[I;486179180,-416788830,-1689534135,-1829619860],Slot:\"mainhand\"}]}"
    }
  ]